{
    "products": [
        {
            "id": 1,
            "name": "shimadmalsdaa",
            "imgUrl": "https://guesseu.scene7.com/is/image/GuessEU/M63H24W7JF0-L302-ALTGHOST?wid=1500&fmt=jpeg&qlt=80&op_sharpen=0&op_usm=1.0,1.0,5,0&iccEmbed=0",
            "price": 23
        },
        {
            "id": 2,
            "name": "shimon",
            "imgUrl": "https://guesseu.scene7.com/is/image/GuessEU/FLGLO4FAL12-BEIBR?wid=700&amp;fmt=jpeg&amp;qlt=80&amp;op_sharpen=0&amp;op_usm=1.0,1.0,5,0&amp;iccEmbed=0",
            "price": 456
        },
        {
            "id": 4,
            "imgUrl": "http://guesseu.scene7.com/is/image/GuessEU/WC0001FMSWC-G5?wid=520&fmt=jpeg&qlt=80&op_sharpen=0&op_usm=1.0,1.0,5,0&iccEmbed=0",
            "name": "GUESS CONNECT WATCH",
            "price": 438.9
        },
        {
            "id": 5,
            "name": "bambaaa",
            "imgUrl": "https://www.amihaimcandies.com/wp-content/uploads/2017/09/7290100687109.jpg",
            "price": 12.3
        }
    ],
    "users": [
        {
            "id": 1,
            "firstName": "Shimon",
            "LastName": "Dahan"
        }
    ]
}